Parameter;Date;Unit;Value
Conductivity_20C;31/01/2006;µS/cm;4980
Nitrate;31/01/2006;mg/L;15
Phosphate;31/01/2006;mg/L;0
Conductivity_20C;18/04/2006;µS/cm;3950
Nitrate;18/04/2006;mg/L;15
Phosphate;18/04/2006;mg/L;2
Conductivity_20C;31/01/2007;µS/cm;9310
Conductivity_20C;05/06/2007;µS/cm;13160
Conductivity_20C;19/07/2007;µS/cm;12150
Nitrate;19/07/2007;mg/L;82
Phosphate;19/07/2007;mg/L;8.62
Conductivity_20C;13/11/2007;µS/cm;11360
Conductivity_20C;19/02/2008;µS/cm;9260
Nitrate;19/02/2008;mg/L;80
Phosphate;19/02/2008;mg/L;3.45
Conductivity_20C;11/03/2008;µS/cm;11460
Conductivity_20C;26/11/2008;µS/cm;12890
Conductivity_20C;23/03/2009;µS/cm;13350
Conductivity_20C;25/03/2009;µS/cm;11450
Nitrate;25/03/2009;mg/L;221
Phosphate;25/03/2009;mg/L;0.51
Conductivity_20C;22/07/2009;µS/cm;10060
Conductivity_20C;12/08/2009;µS/cm;7700
Conductivity_20C;23/09/2009;µS/cm;7890
Nitrate;23/09/2009;mg/L;99
Phosphate;23/09/2009;mg/L;2.52
Conductivity_20C;08/10/2009;µS/cm;8270
Conductivity_20C;02/11/2009;µS/cm;11540
Nitrate;02/11/2009;mg/L;219
Phosphate;02/11/2009;mg/L;0.18
Conductivity_20C;18/11/2009;µS/cm;10500
Conductivity_20C;01/12/2009;µS/cm;9710
Conductivity_20C;12/04/2010;µS/cm;12660
Nitrate;12/04/2010;mg/L;236
Phosphate;12/04/2010;mg/L;0.15
Conductivity_20C;12/04/2010;µS/cm;10340
Nitrate;12/04/2010;mg/L;224
Phosphate;12/04/2010;mg/L;0.2
Conductivity_20C;26/05/2010;µS/cm;11240
Nitrate;26/05/2010;mg/L;181
Phosphate;26/05/2010;mg/L;0.6
Conductivity_20C;28/02/2011;µS/cm;9450
Nitrate;28/02/2011;mg/L;192
Phosphate;28/02/2011;mg/L;0.71
Conductivity_20C;08/06/2011;µS/cm;8710
Nitrate;08/06/2011;mg/L;136
Phosphate;08/06/2011;mg/L;0.21
Conductivity_20C;16/01/2012;µS/cm;9290
Nitrate;16/01/2012;mg/L;160
Phosphate;16/01/2012;mg/L;0.63
Conductivity_20C;14/02/2012;µS/cm;9350
Nitrate;14/02/2012;mg/L;87
Phosphate;14/02/2012;mg/L;0.67
Conductivity_20C;14/03/2012;µS/cm;11700
Nitrate;14/03/2012;mg/L;246
Phosphate;14/03/2012;mg/L;0.2
Conductivity_20C;12/04/2012;µS/cm;11400
Nitrate;12/04/2012;mg/L;190
Phosphate;12/04/2012;mg/L;0.34
Conductivity_20C;10/05/2012;µS/cm;11900
Nitrate;10/05/2012;mg/L;189
Phosphate;10/05/2012;mg/L;0.05
Conductivity_20C;06/06/2012;µS/cm;11220
Nitrate;06/06/2012;mg/L;155
Phosphate;06/06/2012;mg/L;0.74
Conductivity_20C;06/06/2012;µS/cm;11200
Nitrate;06/06/2012;mg/L;143
Phosphate;06/06/2012;mg/L;0.55
Conductivity_20C;03/07/2012;µS/cm;13409
Nitrate;03/07/2012;mg/L;147
Phosphate;03/07/2012;mg/L;0
Conductivity_20C;04/07/2012;µS/cm;12100
Nitrate;04/07/2012;mg/L;155
Phosphate;04/07/2012;mg/L;0.09
Conductivity_20C;06/08/2012;µS/cm;9750
Nitrate;06/08/2012;mg/L;120
Phosphate;06/08/2012;mg/L;1.53
Conductivity_20C;12/09/2012;µS/cm;11000
Nitrate;12/09/2012;mg/L;138
Phosphate;12/09/2012;mg/L;0
Conductivity_20C;17/10/2012;µS/cm;12300
Nitrate;17/10/2012;mg/L;233
Phosphate;17/10/2012;mg/L;0
Nitrate;12/11/2012;mg/L;72.8
Phosphate;12/11/2012;mg/L;1.32
Conductivity_20C;12/11/2012;µS/cm;6280
Nitrate;12/11/2012;mg/L;79.6
Phosphate;12/11/2012;mg/L;0.96
Conductivity_20C;19/12/2012;µS/cm;11200
Nitrate;19/12/2012;mg/L;272
Phosphate;19/12/2012;mg/L;0.29
Conductivity_20C;12/07/2013;µS/cm;17510
Nitrate;12/07/2013;mg/L;262
Phosphate;12/07/2013;mg/L;0.4
Conductivity_20C;24/07/2013;µS/cm;11250
Nitrate;24/07/2013;mg/L;139
Phosphate;24/07/2013;mg/L;0.06
Conductivity_20C;25/07/2013;µS/cm;8320
Nitrate;25/07/2013;mg/L;106
Phosphate;25/07/2013;mg/L;0.31
Conductivity_20C;21/08/2013;µS/cm;9250
Nitrate;21/08/2013;mg/L;23
Phosphate;21/08/2013;mg/L;0.69
Conductivity_20C;18/09/2013;µS/cm;12900
Nitrate;18/09/2013;mg/L;202
Phosphate;18/09/2013;mg/L;0.32
Conductivity_20C;31/10/2013;µS/cm;11700
Nitrate;31/10/2013;mg/L;188
Phosphate;31/10/2013;mg/L;0.16
Conductivity_20C;25/11/2013;µS/cm;13500
Nitrate;25/11/2013;mg/L;249
Phosphate;25/11/2013;mg/L;0.21
Conductivity_20C;15/01/2014;µS/cm;9140
Nitrate;15/01/2014;mg/L;181
Phosphate;15/01/2014;mg/L;0.8
Conductivity_20C;12/03/2014;µS/cm;11700
Nitrate;12/03/2014;mg/L;60.8
Phosphate;12/03/2014;mg/L;1
Conductivity_20C;13/05/2014;µS/cm;13300
Nitrate;13/05/2014;mg/L;241
Phosphate;13/05/2014;mg/L;0
Conductivity_20C;14/07/2014;µS/cm;14930
Nitrate;14/07/2014;mg/L;210
Phosphate;14/07/2014;mg/L;0.07
Conductivity_20C;29/09/2014;µS/cm;9470
Nitrate;29/09/2014;mg/L;121.41
Phosphate;29/09/2014;mg/L;0
Conductivity_20C;25/11/2014;µS/cm;17980
Nitrate;25/11/2014;mg/L;248.3
Phosphate;25/11/2014;mg/L;0
Conductivity_20C;28/01/2015;µS/cm;16520
Nitrate;28/01/2015;mg/L;257.86
Phosphate;28/01/2015;mg/L;0
Conductivity_20C;25/03/2015;µS/cm;10660
Nitrate;25/03/2015;mg/L;243.92
Phosphate;25/03/2015;mg/L;0
Conductivity_20C;13/05/2015;µS/cm;13610
Nitrate;13/05/2015;mg/L;224.38
Phosphate;13/05/2015;mg/L;0
Conductivity_20C;19/05/2015;µS/cm;12900
Nitrate;19/05/2015;mg/L;231
Phosphate;19/05/2015;mg/L;0.07
Conductivity_20C;08/07/2015;µS/cm;16480
Nitrate;08/07/2015;mg/L;224.98
Phosphate;08/07/2015;mg/L;0
Conductivity_20C;22/09/2015;µS/cm;12190
Nitrate;22/09/2015;mg/L;205.58
Phosphate;22/09/2015;mg/L;0
Conductivity_20C;22/10/2015;µS/cm;11380
Nitrate;22/10/2015;mg/L;214.34
Phosphate;22/10/2015;mg/L;0.31
Conductivity_20C;16/11/2015;µS/cm;7410
Nitrate;16/11/2015;mg/L;241.7
Phosphate;16/11/2015;mg/L;0.36
Conductivity_20C;30/11/2015;µS/cm;13840
Nitrate;30/11/2015;mg/L;175
Phosphate;30/11/2015;mg/L;0
Conductivity_20C;15/12/2015;µS/cm;16780
Nitrate;15/12/2015;mg/L;234
Phosphate;15/12/2015;mg/L;0.43
Conductivity_20C;19/01/2016;µS/cm;17800
Nitrate;19/01/2016;mg/L;235
Phosphate;19/01/2016;mg/L;0.79
Conductivity_20C;01/02/2016;µS/cm;8450
Conductivity_20C;02/02/2016;µS/cm;8570
Conductivity_20C;15/03/2016;µS/cm;18410
Nitrate;15/03/2016;mg/L;220
Phosphate;15/03/2016;mg/L;0.07
Conductivity_20C;17/05/2016;µS/cm;18140
Nitrate;17/05/2016;mg/L;241
Phosphate;17/05/2016;mg/L;0.75
Conductivity_20C;15/06/2016;µS/cm;16820
Nitrate;15/06/2016;mg/L;87
Phosphate;15/06/2016;mg/L;0.36
Conductivity_20C;14/07/2016;µS/cm;17510
Nitrate;14/07/2016;mg/L;280
Phosphate;14/07/2016;mg/L;0.54
Conductivity_20C;08/08/2016;µS/cm;14960
Phosphate;08/08/2016;mg/L;0.32
Conductivity_20C;10/04/2017;µS/cm;11430
Nitrate;10/04/2017;mg/L;163
Phosphate;10/04/2017;mg/L;0
Conductivity_20C;25/04/2017;µS/cm;12980
Nitrate;25/04/2017;mg/L;182
Phosphate;25/04/2017;mg/L;0
Conductivity_20C;08/05/2017;µS/cm;12800
Nitrate;08/05/2017;mg/L;191
Phosphate;08/05/2017;mg/L;0.27
Conductivity_20C;08/05/2017;µS/cm;12570
Nitrate;08/05/2017;mg/L;182
Phosphate;08/05/2017;mg/L;0
Conductivity_20C;24/05/2017;µS/cm;12770
Nitrate;24/05/2017;mg/L;182
Phosphate;24/05/2017;mg/L;0
Conductivity_20C;29/05/2017;µS/cm;13900
Nitrate;29/05/2017;mg/L;164
Phosphate;29/05/2017;mg/L;0.1
Conductivity_20C;07/06/2017;µS/cm;14100
Nitrate;07/06/2017;mg/L;183
Phosphate;07/06/2017;mg/L;0
Conductivity_20C;23/06/2017;µS/cm;13480
Conductivity_20C;04/07/2017;µS/cm;13930
Nitrate;04/07/2017;mg/L;114
Phosphate;04/07/2017;mg/L;0.46
Conductivity_20C;12/07/2017;µS/cm;12820
Nitrate;12/07/2017;mg/L;153
Phosphate;12/07/2017;mg/L;0.55
Conductivity_20C;12/07/2017;µS/cm;17370
Nitrate;12/07/2017;mg/L;108
Phosphate;12/07/2017;mg/L;0
Conductivity_20C;20/07/2017;µS/cm;13880
Nitrate;20/07/2017;mg/L;193
Phosphate;20/07/2017;mg/L;0
Conductivity_20C;24/07/2017;µS/cm;14900
Nitrate;24/07/2017;mg/L;137
Phosphate;24/07/2017;mg/L;0.23
Conductivity_20C;02/08/2017;µS/cm;12350
Nitrate;02/08/2017;mg/L;175
Phosphate;02/08/2017;mg/L;0
Conductivity_20C;17/08/2017;µS/cm;12340
Nitrate;17/08/2017;mg/L;171
Phosphate;17/08/2017;mg/L;0
Conductivity_20C;04/09/2017;µS/cm;10220
Nitrate;04/09/2017;mg/L;166
Phosphate;04/09/2017;mg/L;0.58
Conductivity_20C;21/09/2017;µS/cm;10700
Nitrate;21/09/2017;mg/L;166
Phosphate;21/09/2017;mg/L;0
Conductivity_20C;05/10/2017;µS/cm;10150
Nitrate;05/10/2017;mg/L;170
Phosphate;05/10/2017;mg/L;0
Conductivity_20C;17/10/2017;µS/cm;11370
Nitrate;17/10/2017;mg/L;189
Phosphate;17/10/2017;mg/L;0
Conductivity_20C;23/10/2017;µS/cm;10600
Nitrate;23/10/2017;mg/L;150
Phosphate;23/10/2017;mg/L;0.25
Conductivity_20C;26/10/2017;µS/cm;11900
Nitrate;26/10/2017;mg/L;311
Phosphate;26/10/2017;mg/L;0.22
Conductivity_20C;27/10/2017;µS/cm;10380
Nitrate;27/10/2017;mg/L;148
Phosphate;27/10/2017;mg/L;0
Conductivity_20C;06/11/2017;µS/cm;8600
Nitrate;06/11/2017;mg/L;180
Phosphate;06/11/2017;mg/L;0.38
Conductivity_20C;08/11/2017;µS/cm;11580
Nitrate;08/11/2017;mg/L;195
Phosphate;08/11/2017;mg/L;0
Conductivity_20C;23/11/2017;µS/cm;9900
Nitrate;23/11/2017;mg/L;162
Phosphate;23/11/2017;mg/L;0
Nitrate;05/12/2017;mg/L;165
Phosphate;05/12/2017;mg/L;0
Nitrate;18/12/2017;mg/L;166
Phosphate;18/12/2017;mg/L;0
Conductivity_20C;19/12/2017;µS/cm;16600
Nitrate;19/12/2017;mg/L;165
Phosphate;19/12/2017;mg/L;0
Conductivity_20C;03/01/2018;µS/cm;9650
Nitrate;03/01/2018;mg/L;188
Phosphate;03/01/2018;mg/L;0
Nitrate;17/01/2018;mg/L;179
Conductivity_20C;02/02/2018;µS/cm;8090
Nitrate;02/02/2018;mg/L;124
Phosphate;02/02/2018;mg/L;0
Conductivity_20C;16/02/2018;µS/cm;8620
Nitrate;16/02/2018;mg/L;152
Phosphate;16/02/2018;mg/L;0
Conductivity_20C;19/02/2018;µS/cm;8450
Nitrate;19/02/2018;mg/L;167
Phosphate;19/02/2018;mg/L;0
Conductivity_20C;06/03/2018;µS/cm;9650
Nitrate;06/03/2018;mg/L;186
Phosphate;06/03/2018;mg/L;0
Conductivity_20C;16/03/2018;µS/cm;8610
Nitrate;16/03/2018;mg/L;146
Phosphate;16/03/2018;mg/L;0
Conductivity_20C;28/03/2018;µS/cm;10600
Nitrate;28/03/2018;mg/L;190
Phosphate;28/03/2018;mg/L;0
Conductivity_20C;11/04/2018;µS/cm;11100
Nitrate;11/04/2018;mg/L;174
Phosphate;11/04/2018;mg/L;0
Conductivity_20C;16/04/2018;µS/cm;9620
Nitrate;16/04/2018;mg/L;192
Phosphate;16/04/2018;mg/L;0
Nitrate;18/04/2018;mg/L;342
Phosphate;18/04/2018;mg/L;0
Conductivity_20C;26/04/2018;µS/cm;9520
Nitrate;26/04/2018;mg/L;131
Phosphate;26/04/2018;mg/L;0
Nitrate;02/05/2018;mg/L;71.2
Phosphate;02/05/2018;mg/L;0
Conductivity_20C;08/05/2018;µS/cm;8970
Nitrate;08/05/2018;mg/L;112
Phosphate;08/05/2018;mg/L;0
Conductivity_20C;11/05/2018;µS/cm;8720
Nitrate;11/05/2018;mg/L;115
Phosphate;11/05/2018;mg/L;0
Conductivity_20C;28/05/2018;µS/cm;8820
Nitrate;28/05/2018;mg/L;112
Phosphate;28/05/2018;mg/L;0
Conductivity_20C;11/06/2018;µS/cm;8190
Nitrate;11/06/2018;mg/L;98
Phosphate;11/06/2018;mg/L;0
Conductivity_20C;12/06/2018;µS/cm;9260
Nitrate;12/06/2018;mg/L;110
Phosphate;12/06/2018;mg/L;0
Conductivity_20C;25/06/2018;µS/cm;13030
Nitrate;25/06/2018;mg/L;218
Phosphate;25/06/2018;mg/L;1.32
Conductivity_20C;09/07/2018;µS/cm;9020
Nitrate;09/07/2018;mg/L;94.8
Phosphate;09/07/2018;mg/L;0
Conductivity_20C;17/07/2018;µS/cm;9270
Nitrate;17/07/2018;mg/L;88
Phosphate;17/07/2018;mg/L;0
Conductivity_20C;23/07/2018;µS/cm;8860
Nitrate;23/07/2018;mg/L;92
Phosphate;23/07/2018;mg/L;0
Conductivity_20C;06/08/2018;µS/cm;8860
Nitrate;06/08/2018;mg/L;97.2
Phosphate;06/08/2018;mg/L;0
Conductivity_20C;16/08/2018;µS/cm;10680
Nitrate;16/08/2018;mg/L;157
Phosphate;16/08/2018;mg/L;0.08
Conductivity_20C;20/08/2018;µS/cm;9470
Nitrate;20/08/2018;mg/L;154
Phosphate;20/08/2018;mg/L;0
Conductivity_20C;03/09/2018;µS/cm;8760
Nitrate;03/09/2018;mg/L;114
Phosphate;03/09/2018;mg/L;0
Conductivity_20C;12/09/2018;µS/cm;6330
Nitrate;12/09/2018;mg/L;86
Phosphate;12/09/2018;mg/L;0.21
Conductivity_20C;17/09/2018;µS/cm;6330
Nitrate;17/09/2018;mg/L;90
Phosphate;17/09/2018;mg/L;1.13
Conductivity_20C;01/10/2018;µS/cm;7790
Nitrate;01/10/2018;mg/L;120
Phosphate;01/10/2018;mg/L;0
Conductivity_20C;15/10/2018;µS/cm;3710
Nitrate;15/10/2018;mg/L;47.2
Phosphate;15/10/2018;mg/L;1.17
Conductivity_20C;29/10/2018;µS/cm;8020
Nitrate;29/10/2018;mg/L;152
Phosphate;29/10/2018;mg/L;0
Conductivity_20C;29/10/2018;µS/cm;10332
Nitrate;29/10/2018;mg/L;170
Phosphate;29/10/2018;mg/L;0.09
Conductivity_20C;08/11/2018;µS/cm;9720
Nitrate;08/11/2018;mg/L;164
Phosphate;08/11/2018;mg/L;0.18
Conductivity_20C;12/11/2018;µS/cm;8260
Nitrate;12/11/2018;mg/L;187
Phosphate;12/11/2018;mg/L;0
Conductivity_20C;26/11/2018;µS/cm;6640
Nitrate;26/11/2018;mg/L;127
Phosphate;26/11/2018;mg/L;0.86
Conductivity_20C;12/12/2018;µS/cm;7800
Nitrate;12/12/2018;mg/L;133
Phosphate;12/12/2018;mg/L;0
Conductivity_20C;21/12/2018;µS/cm;8030
Nitrate;21/12/2018;mg/L;93
Phosphate;21/12/2018;mg/L;0.04
Conductivity_20C;26/12/2018;µS/cm;7940
Nitrate;26/12/2018;mg/L;149
Phosphate;26/12/2018;mg/L;0
Conductivity_20C;09/01/2019;µS/cm;7790
Nitrate;09/01/2019;mg/L;147
Phosphate;09/01/2019;mg/L;0
Conductivity_20C;17/01/2019;µS/cm;9020
Nitrate;17/01/2019;mg/L;136
Phosphate;17/01/2019;mg/L;0.05
Conductivity_20C;21/01/2019;µS/cm;7480
Nitrate;21/01/2019;mg/L;137
Phosphate;21/01/2019;mg/L;0
Conductivity_20C;24/01/2019;µS/cm;6190
Nitrate;24/01/2019;mg/L;162
Conductivity_20C;29/01/2019;µS/cm;6500
Nitrate;29/01/2019;mg/L;146
Conductivity_20C;05/02/2019;µS/cm;9530
Nitrate;05/02/2019;mg/L;158
Conductivity_20C;18/02/2019;µS/cm;8580
Nitrate;18/02/2019;mg/L;116
Conductivity_20C;18/02/2019;µS/cm;9330
Nitrate;18/02/2019;mg/L;193
Phosphate;18/02/2019;mg/L;0.06
Conductivity_20C;04/03/2019;µS/cm;8310
Phosphate;04/03/2019;mg/L;0
Conductivity_20C;18/03/2019;µS/cm;8916
Nitrate;18/03/2019;mg/L;174
Phosphate;18/03/2019;mg/L;0
Conductivity_20C;20/03/2019;µS/cm;8340
Nitrate;20/03/2019;mg/L;146
Phosphate;20/03/2019;mg/L;0
Conductivity_20C;01/04/2019;µS/cm;5220
Nitrate;01/04/2019;mg/L;83
Phosphate;01/04/2019;mg/L;0
Conductivity_20C;09/04/2019;µS/cm;6378
Nitrate;09/04/2019;mg/L;58
Phosphate;09/04/2019;mg/L;0.04
Conductivity_20C;15/04/2019;µS/cm;7340
Nitrate;15/04/2019;mg/L;128
Phosphate;15/04/2019;mg/L;0
Conductivity_20C;29/04/2019;µS/cm;7180
Nitrate;29/04/2019;mg/L;161
Phosphate;29/04/2019;mg/L;0
Nitrate;03/05/2019;mg/L;171
Phosphate;03/05/2019;mg/L;0
Conductivity_20C;13/05/2019;µS/cm;7000
Nitrate;13/05/2019;mg/L;148
Phosphate;13/05/2019;mg/L;0
Conductivity_20C;21/05/2019;µS/cm;7920
Nitrate;21/05/2019;mg/L;162
Phosphate;21/05/2019;mg/L;0
Conductivity_20C;27/05/2019;µS/cm;7440
Nitrate;27/05/2019;mg/L;160
Phosphate;27/05/2019;mg/L;0
Conductivity_20C;12/06/2019;µS/cm;7550
Nitrate;12/06/2019;mg/L;143.2
Phosphate;12/06/2019;mg/L;0
Conductivity_20C;13/06/2019;µS/cm;8460
Nitrate;13/06/2019;mg/L;121
Phosphate;13/06/2019;mg/L;0
Conductivity_20C;24/06/2019;µS/cm;7340
Nitrate;24/06/2019;mg/L;125
Phosphate;24/06/2019;mg/L;0
Conductivity_20C;08/07/2019;µS/cm;7290
Nitrate;08/07/2019;mg/L;135
Phosphate;08/07/2019;mg/L;0
Conductivity_20C;11/07/2019;µS/cm;7928
Nitrate;11/07/2019;mg/L;128
Phosphate;11/07/2019;mg/L;0
Conductivity_20C;22/07/2019;µS/cm;7260
Nitrate;22/07/2019;mg/L;140
Phosphate;22/07/2019;mg/L;0
Conductivity_20C;05/08/2019;µS/cm;7270
Nitrate;05/08/2019;mg/L;132
Phosphate;05/08/2019;mg/L;0
Conductivity_20C;08/08/2019;µS/cm;7946
Nitrate;08/08/2019;mg/L;108
Phosphate;08/08/2019;mg/L;0.1
Conductivity_20C;19/08/2019;µS/cm;7310
Nitrate;19/08/2019;mg/L;103
Phosphate;19/08/2019;mg/L;0
Conductivity_20C;02/09/2019;µS/cm;7170
Nitrate;02/09/2019;mg/L;79.2
Phosphate;02/09/2019;mg/L;0
Conductivity_20C;05/09/2019;µS/cm;8120
Nitrate;05/09/2019;mg/L;95
Phosphate;05/09/2019;mg/L;0.12
Conductivity_20C;02/10/2019;µS/cm;6690
Nitrate;02/10/2019;mg/L;97.4
Phosphate;02/10/2019;mg/L;0
Nitrate;13/10/2019;mg/L;156
Phosphate;13/10/2019;mg/L;0
Conductivity_20C;15/10/2019;µS/cm;7120
Nitrate;15/10/2019;mg/L;150
Phosphate;15/10/2019;mg/L;0
Conductivity_20C;24/10/2019;µS/cm;6500
Nitrate;24/10/2019;mg/L;117
Phosphate;24/10/2019;mg/L;0.06
Conductivity_20C;30/10/2019;µS/cm;6950
Nitrate;30/10/2019;mg/L;152
Phosphate;30/10/2019;mg/L;0
Conductivity_20C;07/11/2019;µS/cm;6610
Nitrate;07/11/2019;mg/L;141
Phosphate;07/11/2019;mg/L;0
Conductivity_20C;09/11/2019;µS/cm;7020
Nitrate;09/11/2019;mg/L;180
Phosphate;09/11/2019;mg/L;0
Conductivity_20C;11/11/2019;µS/cm;7340
Nitrate;11/11/2019;mg/L;176
Phosphate;11/11/2019;mg/L;0
Conductivity_20C;14/11/2019;µS/cm;8750
Nitrate;14/11/2019;mg/L;202
Phosphate;14/11/2019;mg/L;0
Conductivity_20C;25/11/2019;µS/cm;6850
Nitrate;25/11/2019;mg/L;164
Phosphate;25/11/2019;mg/L;0
Nitrate;27/11/2019;mg/L;158
Phosphate;27/11/2019;mg/L;0
Conductivity_20C;19/12/2019;µS/cm;6953
Nitrate;19/12/2019;mg/L;165.82
Phosphate;19/12/2019;mg/L;0.13
Conductivity_20C;26/12/2019;µS/cm;6120
Nitrate;26/12/2019;mg/L;152
Phosphate;26/12/2019;mg/L;0
Conductivity_20C;07/01/2020;µS/cm;7040
Nitrate;07/01/2020;mg/L;177
Phosphate;07/01/2020;mg/L;0
Conductivity_20C;20/01/2020;µS/cm;2098
Nitrate;20/01/2020;mg/L;34.74
Phosphate;20/01/2020;mg/L;0.61
Conductivity_20C;24/01/2020;µS/cm;6190
Nitrate;24/01/2020;mg/L;162
Phosphate;24/01/2020;mg/L;0
Conductivity_20C;03/02/2020;µS/cm;6980
Nitrate;03/02/2020;mg/L;169
Phosphate;03/02/2020;mg/L;0
Conductivity_20C;17/02/2020;µS/cm;6900
Nitrate;17/02/2020;mg/L;170
Phosphate;17/02/2020;mg/L;0
Conductivity_20C;27/02/2020;µS/cm;6868
Nitrate;27/02/2020;mg/L;171
Phosphate;27/02/2020;mg/L;0
Conductivity_20C;04/03/2020;µS/cm;7280
Nitrate;04/03/2020;mg/L;171
Phosphate;04/03/2020;mg/L;0
Conductivity_20C;12/03/2020;µS/cm;6733
Nitrate;12/03/2020;mg/L;130
Phosphate;12/03/2020;mg/L;0.08
Conductivity_20C;01/04/2020;µS/cm;6050
Nitrate;01/04/2020;mg/L;142
Phosphate;01/04/2020;mg/L;0.8
Conductivity_20C;16/04/2020;µS/cm;5740
Nitrate;16/04/2020;mg/L;107
Phosphate;16/04/2020;mg/L;0.64
Conductivity_20C;17/04/2020;µS/cm;6503
Nitrate;17/04/2020;mg/L;101
Phosphate;17/04/2020;mg/L;0.08
Conductivity_20C;27/04/2020;µS/cm;6640
Nitrate;27/04/2020;mg/L;149
Phosphate;27/04/2020;mg/L;0
Conductivity_20C;08/05/2020;µS/cm;6310
Nitrate;08/05/2020;mg/L;129
Phosphate;08/05/2020;mg/L;0
Conductivity_20C;15/05/2020;µS/cm;4040
Nitrate;15/05/2020;mg/L;89.4
Phosphate;15/05/2020;mg/L;0.49
Conductivity_20C;27/05/2020;µS/cm;6070
Nitrate;27/05/2020;mg/L;120
Phosphate;27/05/2020;mg/L;0.71
Conductivity_20C;10/06/2020;µS/cm;5279
Nitrate;10/06/2020;mg/L;124
Phosphate;10/06/2020;mg/L;0.25
Conductivity_20C;10/06/2020;µS/cm;5760
Nitrate;10/06/2020;mg/L;125
Phosphate;10/06/2020;mg/L;0
Conductivity_20C;22/06/2020;µS/cm;6410
Nitrate;22/06/2020;mg/L;109
Phosphate;22/06/2020;mg/L;0.46
Conductivity_20C;06/07/2020;µS/cm;6870
Nitrate;06/07/2020;mg/L;155
Phosphate;06/07/2020;mg/L;0
Conductivity_20C;15/07/2020;µS/cm;7070
Nitrate;15/07/2020;mg/L;183
Phosphate;15/07/2020;mg/L;0
Conductivity_20C;20/07/2020;µS/cm;7570
Nitrate;20/07/2020;mg/L;169
Phosphate;20/07/2020;mg/L;0.52
Conductivity_20C;04/08/2020;µS/cm;6630
Nitrate;04/08/2020;mg/L;153
Phosphate;04/08/2020;mg/L;0.43
Conductivity_20C;13/08/2020;µS/cm;7011
Nitrate;13/08/2020;mg/L;144.4
Phosphate;13/08/2020;mg/L;0.13
Conductivity_20C;19/08/2020;µS/cm;7040
Nitrate;19/08/2020;mg/L;136
Phosphate;19/08/2020;mg/L;0
Conductivity_20C;01/09/2020;µS/cm;6470
Nitrate;01/09/2020;mg/L;115
Phosphate;01/09/2020;mg/L;0
Conductivity_20C;02/09/2020;µS/cm;7243
Nitrate;02/09/2020;mg/L;161
Phosphate;02/09/2020;mg/L;0.09
Conductivity_20C;14/09/2020;µS/cm;6950
Nitrate;14/09/2020;mg/L;149
Phosphate;14/09/2020;mg/L;0
Conductivity_20C;28/09/2020;µS/cm;7720
Nitrate;28/09/2020;mg/L;243
Phosphate;28/09/2020;mg/L;0
Conductivity_20C;14/10/2020;µS/cm;7140
Nitrate;14/10/2020;mg/L;163
Phosphate;14/10/2020;mg/L;0
Conductivity_20C;21/10/2020;µS/cm;7033
Nitrate;21/10/2020;mg/L;90
Phosphate;21/10/2020;mg/L;0.17
Conductivity_20C;26/10/2020;µS/cm;11980
Phosphate;26/10/2020;mg/L;0
Conductivity_20C;09/11/2020;µS/cm;7590
Nitrate;09/11/2020;mg/L;185
Phosphate;09/11/2020;mg/L;0
Nitrate;09/11/2020;mg/L;195
Nitrate;13/11/2020;mg/L;40.9
Phosphate;13/11/2020;mg/L;0
Conductivity_20C;23/11/2020;µS/cm;7780
Nitrate;23/11/2020;mg/L;226
Phosphate;23/11/2020;mg/L;0
Conductivity_20C;09/12/2020;µS/cm;7880
Nitrate;09/12/2020;mg/L;224
Conductivity_20C;17/12/2020;µS/cm;7494
Nitrate;17/12/2020;mg/L;189
Phosphate;17/12/2020;mg/L;0
Conductivity_20C;22/12/2020;µS/cm;7250
Nitrate;22/12/2020;mg/L;179
Phosphate;22/12/2020;mg/L;0
Nitrate;05/01/2021;mg/L;199
Phosphate;05/01/2021;mg/L;0
Conductivity_20C;18/01/2021;µS/cm;7240
Nitrate;18/01/2021;mg/L;203
Phosphate;18/01/2021;mg/L;0
Conductivity_20C;21/01/2021;µS/cm;3069
Nitrate;21/01/2021;mg/L;190
Phosphate;21/01/2021;mg/L;0
Conductivity_20C;01/02/2021;µS/cm;7210
Nitrate;01/02/2021;mg/L;192
Phosphate;01/02/2021;mg/L;0
Conductivity_20C;10/02/2021;µS/cm;7269
Nitrate;10/02/2021;mg/L;252
Phosphate;10/02/2021;mg/L;0
Conductivity_20C;18/02/2021;µS/cm;7440
Nitrate;18/02/2021;mg/L;197
Phosphate;18/02/2021;mg/L;0
Conductivity_20C;01/03/2021;µS/cm;7090
Nitrate;01/03/2021;mg/L;184
Phosphate;01/03/2021;mg/L;0
Nitrate;09/03/2021;mg/L;23.5
Phosphate;09/03/2021;mg/L;0
Conductivity_20C;15/03/2021;µS/cm;6810
Nitrate;15/03/2021;mg/L;187
Phosphate;15/03/2021;mg/L;0
Conductivity_20C;29/03/2021;µS/cm;7260
Nitrate;29/03/2021;mg/L;258
Phosphate;29/03/2021;mg/L;0.08
Conductivity_20C;30/03/2021;µS/cm;7410
Nitrate;30/03/2021;mg/L;212
Phosphate;30/03/2021;mg/L;0
Conductivity_20C;12/04/2021;µS/cm;6490
Nitrate;12/04/2021;mg/L;146
Phosphate;12/04/2021;mg/L;0
Conductivity_20C;15/04/2021;µS/cm;7400
Nitrate;15/04/2021;mg/L;52
Phosphate;15/04/2021;mg/L;0.1
Conductivity_20C;26/04/2021;µS/cm;6530
Nitrate;26/04/2021;mg/L;158
Phosphate;26/04/2021;mg/L;0
Conductivity_20C;10/05/2021;µS/cm;7120
Nitrate;10/05/2021;mg/L;176
Phosphate;10/05/2021;mg/L;0
Conductivity_20C;17/05/2021;µS/cm;7300
Nitrate;17/05/2021;mg/L;194
Phosphate;17/05/2021;mg/L;0
Conductivity_20C;19/05/2021;µS/cm;7050
Nitrate;19/05/2021;mg/L;96
Phosphate;19/05/2021;mg/L;0.1
Conductivity_20C;01/06/2021;µS/cm;7050
Nitrate;01/06/2021;mg/L;208
Phosphate;01/06/2021;mg/L;0.27
Conductivity_20C;07/06/2021;µS/cm;7210
Nitrate;07/06/2021;mg/L;217
Phosphate;07/06/2021;mg/L;0
Conductivity_20C;05/07/2021;µS/cm;6630
Nitrate;05/07/2021;mg/L;139
Phosphate;05/07/2021;mg/L;1.9
Conductivity_20C;10/08/2021;µS/cm;7190
Nitrate;10/08/2021;mg/L;165
Phosphate;10/08/2021;mg/L;0
Nitrate;16/08/2021;mg/L;172
Phosphate;16/08/2021;mg/L;0
Conductivity_20C;18/08/2021;µS/cm;6170
Nitrate;18/08/2021;mg/L;147
Phosphate;18/08/2021;mg/L;1.3
Conductivity_20C;13/09/2021;µS/cm;7030
Nitrate;13/09/2021;mg/L;156
Phosphate;13/09/2021;mg/L;0
Nitrate;20/09/2021;mg/L;174
Conductivity_20C;21/09/2021;µS/cm;572
Nitrate;21/09/2021;mg/L;25
Phosphate;21/09/2021;mg/L;0.58
Conductivity_20C;13/10/2021;µS/cm;6830
Nitrate;13/10/2021;mg/L;171
Conductivity_20C;27/10/2021;µS/cm;1860
Nitrate;27/10/2021;mg/L;27
Phosphate;27/10/2021;mg/L;0.54
Conductivity_20C;08/11/2021;µS/cm;5720
Nitrate;08/11/2021;mg/L;139
Phosphate;08/11/2021;mg/L;1.35
Conductivity_20C;19/11/2021;µS/cm;3060
Nitrate;19/11/2021;mg/L;58.2
Phosphate;19/11/2021;mg/L;0.8
Nitrate;21/11/2021;mg/L;14.4
Phosphate;21/11/2021;mg/L;0.92
Conductivity_20C;23/11/2021;µS/cm;6390
Nitrate;23/11/2021;mg/L;282
Phosphate;23/11/2021;mg/L;0.3
Conductivity_20C;17/12/2021;µS/cm;6650
Nitrate;17/12/2021;mg/L;166
Phosphate;17/12/2021;mg/L;0.57
Conductivity_20C;12/01/2022;µS/cm;6747
Nitrate;12/01/2022;mg/L;332
Phosphate;12/01/2022;mg/L;0.47
Conductivity_20C;02/02/2022;µS/cm;6526
Nitrate;02/02/2022;mg/L;184
Phosphate;02/02/2022;mg/L;0.46
Nitrate;10/02/2022;mg/L;247
Conductivity_20C;22/02/2022;µS/cm;8580
Nitrate;22/02/2022;mg/L;234
Phosphate;22/02/2022;mg/L;0
Nitrate;04/03/2022;mg/L;217
Phosphate;04/03/2022;mg/L;0
Nitrate;07/03/2022;mg/L;51.7
Phosphate;07/03/2022;mg/L;0.7
Nitrate;17/03/2022;mg/L;31.7
Phosphate;17/03/2022;mg/L;1.2
Nitrate;21/03/2022;mg/L;132
Phosphate;21/03/2022;mg/L;0.58
Conductivity_20C;23/03/2022;µS/cm;5407
Nitrate;23/03/2022;mg/L;127
Phosphate;23/03/2022;mg/L;0.56
Nitrate;23/03/2022;mg/L;86.2
Phosphate;23/03/2022;mg/L;1.13
Nitrate;25/03/2022;mg/L;98.8
Phosphate;25/03/2022;mg/L;0.98
Nitrate;30/03/2022;mg/L;102
Phosphate;30/03/2022;mg/L;0.95
Nitrate;04/04/2022;mg/L;119
Phosphate;04/04/2022;mg/L;1.01
Nitrate;05/04/2022;mg/L;95.8
Phosphate;05/04/2022;mg/L;1.01
Conductivity_20C;06/04/2022;µS/cm;2134
Nitrate;06/04/2022;mg/L;50.3
Phosphate;06/04/2022;mg/L;0.91
Conductivity_20C;07/04/2022;µS/cm;5050
Nitrate;07/04/2022;mg/L;114
Phosphate;07/04/2022;mg/L;0.86
Conductivity_20C;11/04/2022;µS/cm;5990
Nitrate;11/04/2022;mg/L;120
Phosphate;11/04/2022;mg/L;0.74
Conductivity_20C;13/04/2022;µS/cm;6070
Nitrate;13/04/2022;mg/L;90.6
Phosphate;13/04/2022;mg/L;1.04
Conductivity_20C;18/04/2022;µS/cm;6290
Nitrate;18/04/2022;mg/L;113
Phosphate;18/04/2022;mg/L;1.04
Conductivity_20C;20/04/2022;µS/cm;6240
Nitrate;20/04/2022;mg/L;112
Phosphate;20/04/2022;mg/L;1
Nitrate;20/04/2022;mg/L;94.1
Phosphate;20/04/2022;mg/L;1
Conductivity_20C;25/04/2022;µS/cm;6070
Nitrate;25/04/2022;mg/L;107
Phosphate;25/04/2022;mg/L;1
Conductivity_20C;27/04/2022;µS/cm;6240
Nitrate;27/04/2022;mg/L;117
Phosphate;27/04/2022;mg/L;1
Nitrate;28/04/2022;mg/L;106
Phosphate;28/04/2022;mg/L;1
Conductivity_20C;03/05/2022;µS/cm;5970
Nitrate;03/05/2022;mg/L;103
Phosphate;03/05/2022;mg/L;1.1
Conductivity_20C;06/05/2022;µS/cm;5290
Nitrate;06/05/2022;mg/L;58.2
Phosphate;06/05/2022;mg/L;1.1
Conductivity_20C;09/05/2022;µS/cm;5880
Nitrate;09/05/2022;mg/L;96.4
Phosphate;09/05/2022;mg/L;1.1
Conductivity_20C;11/05/2022;µS/cm;6080
Nitrate;11/05/2022;mg/L;98.8
Phosphate;11/05/2022;mg/L;1.2
Conductivity_20C;16/05/2022;µS/cm;6040
Nitrate;16/05/2022;mg/L;97.6
Phosphate;16/05/2022;mg/L;0.7
Conductivity_20C;18/05/2022;µS/cm;6360
Nitrate;18/05/2022;mg/L;131
Phosphate;18/05/2022;mg/L;0.7
Conductivity_20C;23/05/2022;µS/cm;6400
Nitrate;23/05/2022;mg/L;146
Phosphate;23/05/2022;mg/L;0.8
Conductivity_20C;25/05/2022;µS/cm;6500
Nitrate;25/05/2022;mg/L;154
Phosphate;25/05/2022;mg/L;0.7
Conductivity_20C;26/05/2022;µS/cm;7041
Nitrate;26/05/2022;mg/L;145.1
Phosphate;26/05/2022;mg/L;0.51
Conductivity_20C;30/05/2022;µS/cm;6300
Nitrate;30/05/2022;mg/L;140
Phosphate;30/05/2022;mg/L;0.9
Conductivity_20C;01/06/2022;µS/cm;6400
Nitrate;01/06/2022;mg/L;146
Phosphate;01/06/2022;mg/L;0.8
Conductivity_20C;03/06/2022;µS/cm;6980
Nitrate;03/06/2022;mg/L;168
Phosphate;03/06/2022;mg/L;0
Conductivity_20C;06/06/2022;µS/cm;6530
Nitrate;06/06/2022;mg/L;156
Phosphate;06/06/2022;mg/L;0.9
Conductivity_20C;08/06/2022;µS/cm;6470
Nitrate;08/06/2022;mg/L;140
Phosphate;08/06/2022;mg/L;0.8
Conductivity_20C;13/06/2022;µS/cm;6340
Nitrate;13/06/2022;mg/L;135
Phosphate;13/06/2022;mg/L;0.9
Conductivity_20C;15/06/2022;µS/cm;6420
Nitrate;15/06/2022;mg/L;135
Phosphate;15/06/2022;mg/L;0.9
Conductivity_20C;20/06/2022;µS/cm;6320
Nitrate;20/06/2022;mg/L;138
Phosphate;20/06/2022;mg/L;1.6
Conductivity_20C;22/06/2022;µS/cm;6350
Nitrate;22/06/2022;mg/L;141
Phosphate;22/06/2022;mg/L;1.7
Conductivity_20C;27/06/2022;µS/cm;6240
Nitrate;27/06/2022;mg/L;127
Phosphate;27/06/2022;mg/L;1.4
Conductivity_20C;27/06/2022;µS/cm;6160
Nitrate;27/06/2022;mg/L;129.9
Phosphate;27/06/2022;mg/L;1.1
Conductivity_20C;29/06/2022;µS/cm;6280
Nitrate;29/06/2022;mg/L;123
Phosphate;29/06/2022;mg/L;1.2
Conductivity_20C;04/07/2022;µS/cm;5960
Nitrate;04/07/2022;mg/L;81.8
Phosphate;04/07/2022;mg/L;1.9
Conductivity_20C;05/07/2022;µS/cm;4120
Nitrate;05/07/2022;mg/L;94.7
Phosphate;05/07/2022;mg/L;0
Conductivity_20C;11/07/2022;µS/cm;6110
Nitrate;11/07/2022;mg/L;66.8
Phosphate;11/07/2022;mg/L;2.9
Conductivity_20C;13/07/2022;µS/cm;5930
Nitrate;13/07/2022;mg/L;71.2
Nitrate;13/07/2022;mg/L;88
Phosphate;13/07/2022;mg/L;0
Phosphate;13/07/2022;mg/L;1.9
Conductivity_20C;18/07/2022;µS/cm;6720
Nitrate;18/07/2022;mg/L;141
Phosphate;18/07/2022;mg/L;0.5
Conductivity_20C;20/07/2022;µS/cm;6230
Nitrate;20/07/2022;mg/L;117.7
Phosphate;20/07/2022;mg/L;0
Conductivity_20C;25/07/2022;µS/cm;6910
Nitrate;25/07/2022;mg/L;156
Phosphate;25/07/2022;mg/L;0.5
Conductivity_20C;27/07/2022;µS/cm;5820
Nitrate;27/07/2022;mg/L;112.3
Phosphate;27/07/2022;mg/L;0.39
Conductivity_20C;01/08/2022;µS/cm;5571
Nitrate;01/08/2022;mg/L;47.9
Phosphate;01/08/2022;mg/L;0
Conductivity_20C;02/08/2022;µS/cm;6340
Nitrate;02/08/2022;mg/L;118
Phosphate;02/08/2022;mg/L;0.4
Conductivity_20C;08/08/2022;µS/cm;6470
Nitrate;08/08/2022;mg/L;136
Phosphate;08/08/2022;mg/L;0.4
Conductivity_20C;08/08/2022;µS/cm;6050
Nitrate;08/08/2022;mg/L;134
Phosphate;08/08/2022;mg/L;0
Conductivity_20C;16/08/2022;µS/cm;6240
Nitrate;16/08/2022;mg/L;125
Phosphate;16/08/2022;mg/L;0.4
Conductivity_20C;16/08/2022;µS/cm;6080
Nitrate;16/08/2022;mg/L;123.1
Phosphate;16/08/2022;mg/L;0
Conductivity_20C;22/08/2022;µS/cm;6210
Nitrate;22/08/2022;mg/L;133
Phosphate;22/08/2022;mg/L;0
Conductivity_20C;24/08/2022;µS/cm;6050
Nitrate;24/08/2022;mg/L;107.9
Phosphate;24/08/2022;mg/L;0
Conductivity_20C;29/08/2022;µS/cm;5860
Nitrate;29/08/2022;mg/L;123
Phosphate;29/08/2022;mg/L;0.5
Conductivity_20C;05/09/2022;µS/cm;6010
Nitrate;05/09/2022;mg/L;122
Phosphate;05/09/2022;mg/L;0.4
Conductivity_20C;08/09/2022;µS/cm;6311
Nitrate;08/09/2022;mg/L;127.4
Phosphate;08/09/2022;mg/L;0
Conductivity_20C;12/09/2022;µS/cm;5920
Nitrate;12/09/2022;mg/L;121
Phosphate;12/09/2022;mg/L;0.4
Conductivity_20C;13/09/2022;µS/cm;5820
Nitrate;13/09/2022;mg/L;108.8
Phosphate;13/09/2022;mg/L;0
Conductivity_20C;19/09/2022;µS/cm;6490
Nitrate;19/09/2022;mg/L;144
Phosphate;19/09/2022;mg/L;0
Conductivity_20C;22/09/2022;µS/cm;6050
Nitrate;22/09/2022;mg/L;117.8
Phosphate;22/09/2022;mg/L;0
Nitrate;26/09/2022;mg/L;24.4
Phosphate;26/09/2022;mg/L;1.2
Conductivity_20C;26/09/2022;µS/cm;1000
Nitrate;26/09/2022;mg/L;26.5
Phosphate;26/09/2022;mg/L;1.3
Conductivity_20C;26/09/2022;µS/cm;1160
Nitrate;26/09/2022;mg/L;26.1
Phosphate;26/09/2022;mg/L;1.3
Conductivity_20C;27/09/2022;µS/cm;2520
Nitrate;27/09/2022;mg/L;115
Phosphate;27/09/2022;mg/L;1.9
Conductivity_20C;28/09/2022;µS/cm;5810
Nitrate;28/09/2022;mg/L;171.2
Phosphate;28/09/2022;mg/L;0
Conductivity_20C;03/10/2022;µS/cm;6400
Nitrate;03/10/2022;mg/L;181
Phosphate;03/10/2022;mg/L;0.4
Nitrate;06/10/2022;mg/L;60.7
Phosphate;06/10/2022;mg/L;0.7
Conductivity_20C;07/10/2022;µS/cm;4551
Nitrate;07/10/2022;mg/L;120
Phosphate;07/10/2022;mg/L;1.8
Conductivity_20C;07/10/2022;µS/cm;4180
Nitrate;07/10/2022;mg/L;135.7
Phosphate;07/10/2022;mg/L;0.08
Conductivity_20C;10/10/2022;µS/cm;6260
Nitrate;10/10/2022;mg/L;197
Phosphate;10/10/2022;mg/L;0.5
Conductivity_20C;10/10/2022;µS/cm;6290
Nitrate;10/10/2022;mg/L;206.5
Phosphate;10/10/2022;mg/L;0.2
Nitrate;11/10/2022;mg/L;28.6
Phosphate;11/10/2022;mg/L;0.7
Conductivity_20C;17/10/2022;µS/cm;6580
Nitrate;17/10/2022;mg/L;197
Phosphate;17/10/2022;mg/L;0.4
Conductivity_20C;21/10/2022;µS/cm;6610
Nitrate;21/10/2022;mg/L;168
Phosphate;21/10/2022;mg/L;0.07
Conductivity_20C;24/10/2022;µS/cm;6270
Nitrate;24/10/2022;mg/L;170
Phosphate;24/10/2022;mg/L;0.5
Conductivity_20C;26/10/2022;µS/cm;6360
Nitrate;26/10/2022;mg/L;154.4
Phosphate;26/10/2022;mg/L;0.38
Conductivity_20C;31/10/2022;µS/cm;6320
Nitrate;31/10/2022;mg/L;149
Phosphate;31/10/2022;mg/L;0.6
Conductivity_20C;03/11/2022;µS/cm;6320
Nitrate;03/11/2022;mg/L;80.4
Phosphate;03/11/2022;mg/L;0.59
Conductivity_20C;07/11/2022;µS/cm;6420
Nitrate;07/11/2022;mg/L;164
Phosphate;07/11/2022;mg/L;0.6
Conductivity_20C;09/11/2022;µS/cm;5880
Nitrate;09/11/2022;mg/L;161.8
Phosphate;09/11/2022;mg/L;0.43
Nitrate;11/11/2022;mg/L;138
Phosphate;11/11/2022;mg/L;0.5
Conductivity_20C;14/11/2022;µS/cm;5880
Nitrate;14/11/2022;mg/L;121
Phosphate;14/11/2022;mg/L;0.4
Conductivity_20C;16/11/2022;µS/cm;5630
Nitrate;16/11/2022;mg/L;130.8
Phosphate;16/11/2022;mg/L;0.41
Conductivity_20C;21/11/2022;µS/cm;6140
Nitrate;21/11/2022;mg/L;123
Phosphate;21/11/2022;mg/L;0.6
Conductivity_20C;25/11/2022;µS/cm;6283
Nitrate;25/11/2022;mg/L;117.8
Phosphate;25/11/2022;mg/L;0.51
Conductivity_20C;28/11/2022;µS/cm;6190
Nitrate;28/11/2022;mg/L;140
Phosphate;28/11/2022;mg/L;0.5
Nitrate;02/12/2022;mg/L;92
Phosphate;02/12/2022;mg/L;0.8
Conductivity_20C;05/12/2022;µS/cm;6540
Nitrate;05/12/2022;mg/L;172
Phosphate;05/12/2022;mg/L;0
Conductivity_20C;05/12/2022;µS/cm;5970
Phosphate;05/12/2022;mg/L;0.3
Conductivity_20C;12/12/2022;µS/cm;6340
Nitrate;12/12/2022;mg/L;164
Phosphate;12/12/2022;mg/L;0.5
Conductivity_20C;13/12/2022;µS/cm;5820
Nitrate;13/12/2022;mg/L;155.1
Phosphate;13/12/2022;mg/L;0.42
Conductivity_20C;19/12/2022;µS/cm;6340
Nitrate;19/12/2022;mg/L;164
Phosphate;19/12/2022;mg/L;0.4
Conductivity_20C;22/12/2022;µS/cm;5650
Nitrate;22/12/2022;mg/L;153.6
Phosphate;22/12/2022;mg/L;0.57
Conductivity_20C;27/12/2022;µS/cm;6510
Nitrate;27/12/2022;mg/L;160
Phosphate;27/12/2022;mg/L;0.4
Conductivity_20C;28/12/2022;µS/cm;5700
Nitrate;28/12/2022;mg/L;183.4
Phosphate;28/12/2022;mg/L;0.38
Conductivity_20C;03/01/2023;µS/cm;6950
Nitrate;03/01/2023;mg/L;200
Phosphate;03/01/2023;mg/L;0
Conductivity_20C;09/01/2023;µS/cm;5870
Nitrate;09/01/2023;mg/L;112
Phosphate;09/01/2023;mg/L;0.7
Conductivity_20C;13/01/2023;µS/cm;6701
Nitrate;13/01/2023;mg/L;142
Phosphate;13/01/2023;mg/L;0.6
Conductivity_20C;16/01/2023;µS/cm;6610
Nitrate;16/01/2023;mg/L;178
Phosphate;16/01/2023;mg/L;0.4
Conductivity_20C;16/01/2023;µS/cm;6210
Nitrate;16/01/2023;mg/L;174
Phosphate;16/01/2023;mg/L;0.4
Nitrate;23/01/2023;mg/L;199
Phosphate;23/01/2023;mg/L;0
Nitrate;24/01/2023;mg/L;177
Phosphate;24/01/2023;mg/L;0
Conductivity_20C;27/01/2023;µS/cm;5600
Nitrate;27/01/2023;mg/L;136
Phosphate;27/01/2023;mg/L;0.5
Conductivity_20C;30/01/2023;µS/cm;6020
Nitrate;30/01/2023;mg/L;132
Phosphate;30/01/2023;mg/L;0.6
Conductivity_20C;30/01/2023;µS/cm;5590
Nitrate;30/01/2023;mg/L;140
Phosphate;30/01/2023;mg/L;0.6
Conductivity_20C;06/02/2023;µS/cm;6570
Nitrate;06/02/2023;mg/L;169
Nitrate;06/02/2023;mg/L;189
Phosphate;06/02/2023;mg/L;0
Phosphate;06/02/2023;mg/L;0.15
Conductivity_20C;13/02/2023;µS/cm;6140
Nitrate;13/02/2023;mg/L;136
Phosphate;13/02/2023;mg/L;0.5
Conductivity_20C;20/02/2023;µS/cm;5810
Nitrate;20/02/2023;mg/L;132
Phosphate;20/02/2023;mg/L;0
Conductivity_20C;27/02/2023;µS/cm;6780
Nitrate;27/02/2023;mg/L;177
Phosphate;27/02/2023;mg/L;0
Conductivity_20C;06/03/2023;µS/cm;5680
Nitrate;06/03/2023;mg/L;145
Phosphate;06/03/2023;mg/L;0.23
Conductivity_20C;13/03/2023;µS/cm;6810
Nitrate;13/03/2023;mg/L;170
Phosphate;13/03/2023;mg/L;0
Conductivity_20C;20/03/2023;µS/cm;5790
Nitrate;20/03/2023;mg/L;127
Phosphate;20/03/2023;mg/L;0
Conductivity_20C;27/03/2023;µS/cm;7020
Nitrate;27/03/2023;mg/L;176
Phosphate;27/03/2023;mg/L;0
Conductivity_20C;05/04/2023;µS/cm;5720
Nitrate;05/04/2023;mg/L;107
Phosphate;05/04/2023;mg/L;0.13
Conductivity_20C;10/04/2023;µS/cm;6040
Nitrate;10/04/2023;mg/L;117
Phosphate;10/04/2023;mg/L;0
Conductivity_20C;17/04/2023;µS/cm;6290
Nitrate;17/04/2023;mg/L;149
Phosphate;17/04/2023;mg/L;0
Conductivity_20C;25/04/2023;µS/cm;6990
Nitrate;25/04/2023;mg/L;153
Phosphate;25/04/2023;mg/L;0
Conductivity_20C;03/05/2023;µS/cm;6630
Nitrate;03/05/2023;mg/L;142
Phosphate;03/05/2023;mg/L;0
Conductivity_20C;11/05/2023;µS/cm;6710
Nitrate;11/05/2023;mg/L;150
Phosphate;11/05/2023;mg/L;0
Conductivity_20C;17/05/2023;µS/cm;5760
Nitrate;17/05/2023;mg/L;116
Phosphate;17/05/2023;mg/L;0
Conductivity_20C;19/05/2023;µS/cm;6896
Nitrate;19/05/2023;mg/L;117
Phosphate;19/05/2023;mg/L;0.58
Nitrate;19/05/2023;mg/L;130
Phosphate;19/05/2023;mg/L;0.43
Nitrate;23/05/2023;mg/L;44.4
Phosphate;23/05/2023;mg/L;0.4
Conductivity_20C;23/05/2023;µS/cm;4945
Nitrate;23/05/2023;mg/L;57.1
Phosphate;23/05/2023;mg/L;0.49
Conductivity_20C;23/05/2023;µS/cm;1791
Nitrate;23/05/2023;mg/L;23.1
Phosphate;23/05/2023;mg/L;0
Conductivity_20C;24/05/2023;µS/cm;1849
Nitrate;24/05/2023;mg/L;37.5
Phosphate;24/05/2023;mg/L;0.77
Nitrate;31/05/2023;mg/L;18.2
Phosphate;31/05/2023;mg/L;0.74
Conductivity_20C;31/05/2023;µS/cm;940
Nitrate;31/05/2023;mg/L;17.1
Phosphate;31/05/2023;mg/L;1
Conductivity_20C;01/06/2023;µS/cm;3523
Nitrate;01/06/2023;mg/L;69.2
Phosphate;01/06/2023;mg/L;0.61
Conductivity_20C;01/06/2023;µS/cm;2816
Nitrate;01/06/2023;mg/L;55.1
Phosphate;01/06/2023;mg/L;0.7
Conductivity_20C;03/06/2023;µS/cm;6757
Nitrate;03/06/2023;mg/L;125
Phosphate;03/06/2023;mg/L;1.3
Conductivity_20C;05/06/2023;µS/cm;6300
Nitrate;05/06/2023;mg/L;142
Phosphate;05/06/2023;mg/L;0
Conductivity_20C;12/06/2023;µS/cm;6950
Nitrate;12/06/2023;mg/L;155
Phosphate;12/06/2023;mg/L;0
Conductivity_20C;14/06/2023;µS/cm;7060
Nitrate;14/06/2023;mg/L;119
Phosphate;14/06/2023;mg/L;0
Nitrate;14/06/2023;mg/L;112
Phosphate;14/06/2023;mg/L;0
Conductivity_20C;20/06/2023;µS/cm;5230
Nitrate;20/06/2023;mg/L;116
Phosphate;20/06/2023;mg/L;0
Conductivity_20C;26/06/2023;µS/cm;5720
Nitrate;26/06/2023;mg/L;97
Phosphate;26/06/2023;mg/L;0
Conductivity_20C;05/07/2023;µS/cm;6030
Nitrate;05/07/2023;mg/L;102
Phosphate;05/07/2023;mg/L;0.74
Conductivity_20C;10/07/2023;µS/cm;6620
Nitrate;10/07/2023;mg/L;136
Phosphate;10/07/2023;mg/L;0.43
Conductivity_20C;17/07/2023;µS/cm;5440
Nitrate;17/07/2023;mg/L;104
Phosphate;17/07/2023;mg/L;0.64
Conductivity_20C;27/07/2023;µS/cm;5710
Nitrate;27/07/2023;mg/L;115
Phosphate;27/07/2023;mg/L;0.54
Conductivity_20C;01/08/2023;µS/cm;5650
Nitrate;01/08/2023;mg/L;103
Phosphate;01/08/2023;mg/L;0.58
Conductivity_20C;07/08/2023;µS/cm;5420
Nitrate;07/08/2023;mg/L;93
Phosphate;07/08/2023;mg/L;0.55
Conductivity_20C;17/08/2023;µS/cm;6080
Nitrate;17/08/2023;mg/L;120
Phosphate;17/08/2023;mg/L;0.49
Conductivity_20C;21/08/2023;µS/cm;6640
Nitrate;21/08/2023;mg/L;142
Phosphate;21/08/2023;mg/L;0.46
Conductivity_20C;03/09/2023;µS/cm;6697
Nitrate;03/09/2023;mg/L;95.8
Phosphate;03/09/2023;mg/L;0.8
Conductivity_20C;03/09/2023;µS/cm;5926
Nitrate;03/09/2023;mg/L;91
Phosphate;03/09/2023;mg/L;0.67
Conductivity_20C;03/09/2023;µS/cm;6145
Nitrate;03/09/2023;mg/L;95.2
Phosphate;03/09/2023;mg/L;0.7
Conductivity_20C;04/09/2023;µS/cm;4340
Nitrate;04/09/2023;mg/L;51
Phosphate;04/09/2023;mg/L;0.43
Conductivity_20C;13/09/2023;µS/cm;5850
Nitrate;13/09/2023;mg/L;108
Phosphate;13/09/2023;mg/L;0
Conductivity_20C;20/09/2023;µS/cm;5700
Nitrate;20/09/2023;mg/L;86
Phosphate;20/09/2023;mg/L;0
Conductivity_20C;27/09/2023;µS/cm;6110
Nitrate;27/09/2023;mg/L;122
Phosphate;27/09/2023;mg/L;0
Conductivity_20C;02/10/2023;µS/cm;6970
Nitrate;02/10/2023;mg/L;159
Phosphate;02/10/2023;mg/L;0
Conductivity_20C;09/10/2023;µS/cm;6650
Nitrate;09/10/2023;mg/L;144
Phosphate;09/10/2023;mg/L;0
Conductivity_20C;18/10/2023;µS/cm;5830
Nitrate;18/10/2023;mg/L;114
Phosphate;18/10/2023;mg/L;0
Conductivity_20C;26/10/2023;µS/cm;6030
Nitrate;26/10/2023;mg/L;122
Phosphate;26/10/2023;mg/L;0
Nitrate;08/11/2023;mg/L;89
Phosphate;08/11/2023;mg/L;0.43
Conductivity_20C;08/11/2023;µS/cm;5160
Conductivity_20C;13/11/2023;µS/cm a 20 ºC;5580
Nitrate;13/11/2023;mg/L;112
Phosphate;13/11/2023;mg/L;0
Conductivity_20C;23/11/2023;µS/cm;6670
Nitrate;23/11/2023;mg/L;151
Phosphate;23/11/2023;mg/L;0
Conductivity_20C;27/11/2023;µS/cm a 20 ºC;6050
Nitrate;27/11/2023;mg/L;128
Phosphate;27/11/2023;mg/L;0
Conductivity_20C;04/12/2023;µS/cm;6240
Nitrate;04/12/2023;mg/L;139
Phosphate;04/12/2023;mg/L;0
Conductivity_20C;13/12/2023;µS/cm;5320
Nitrate;13/12/2023;mg/L;101
Phosphate;13/12/2023;mg/L;0
Conductivity_20C;19/12/2023;µS/cm;5200
Nitrate;19/12/2023;mg/L;102
Phosphate;19/12/2023;mg/L;0.49
Conductivity_20C;26/12/2023;µS/cm;6410
Nitrate;26/12/2023;mg/L;153
Phosphate;26/12/2023;mg/L;0
Conductivity_20C;04/01/2024;µS/cm;5580
Nitrate;04/01/2024;mg/L;113
Phosphate;04/01/2024;mg/L;0
Conductivity_20C;10/01/2024;µS/cm;5420
Nitrate;10/01/2024;mg/L;103
Phosphate;10/01/2024;mg/L;0
Conductivity_20C;17/01/2024;µS/cm;5470
Nitrate;17/01/2024;mg NO3/l;106
Phosphate;17/01/2024;mg/l PO4;0.61
Conductivity_20C;23/01/2024;µS/cm;6890
Nitrate;23/01/2024;mg NO3/l;167
Phosphate;23/01/2024;mg/l PO4;0
Conductivity_20C;05/02/2024;µS/cm;6250
Nitrate;05/02/2024;mg NO3/l;141
Phosphate;05/02/2024;mg/l PO4;0.46
Conductivity_20C;12/02/2024;µS/cm;5970
Nitrate;12/02/2024;mg NO3/l;132
Phosphate;12/02/2024;mg/l PO4;0.68
Conductivity_20C;21/02/2024;µS/cm;6580
Nitrate;21/02/2024;mg NO3/l;147
Phosphate;21/02/2024;mg/l PO4;0.43
Nitrate;27/02/2024;mg NO3/l;136
Phosphate;27/02/2024;mg/l PO4;0
Conductivity_20C;04/03/2024;µS/cm;6400
Nitrate;04/03/2024;mg NO3/l;142
Phosphate;04/03/2024;mg/l PO4;0
Conductivity_20C;12/03/2024;µS/cm;5760
Nitrate;12/03/2024;mg NO3/l;118
Phosphate;12/03/2024;mg/l PO4;0.49
Conductivity_20C;18/03/2024;µS/cm;6320
Nitrate;18/03/2024;mg NO3/l;155
Conductivity_20C;03/04/2024;µS/cm;5430
Nitrate;03/04/2024;mg NO3/l;99
Conductivity_20C;09/04/2024;µS/cm;6090
Nitrate;09/04/2024;mg NO3/l;132
Nitrate;18/04/2024;mg NO3/l;108
Nitrate;25/04/2024;mg NO3/l;112
Nitrate;02/05/2024;mg NO3/l;80
Nitrate;09/05/2024;mg NO3/l;66
Nitrate;14/05/2024;mg NO3/l;91
Conductivity_20C;30/05/2024;µS/cm;5470
Nitrate;30/05/2024;mg NO3/l;94
Phosphate;30/05/2024;mg/l PO4;0.61
Conductivity_20C;12/06/2024;µS/cm;5785
Nitrate;12/06/2024;mg NO3/l;73.1
Phosphate;12/06/2024;mg/L;0.86
Conductivity_20C;12/06/2024;µS/cm;5504
Nitrate;12/06/2024;mg NO3/l;63.7
Phosphate;12/06/2024;mg/L;1.1
Conductivity_20C;12/06/2024;µS/cm;5307
Nitrate;12/06/2024;mg NO3/l;47
Phosphate;12/06/2024;mg/L;1.1
Conductivity_20C;13/06/2024;µS/cm;1074
Nitrate;13/06/2024;mg NO3/l;22.4
Phosphate;13/06/2024;mg/l PO4;0.89
Conductivity_20C;13/06/2024;µS/cm;1767
Nitrate;13/06/2024;mg NO3/l;28.9
Phosphate;13/06/2024;mg/L;2.4
Conductivity_20C;17/06/2024;µS/cm;5500
Nitrate;17/06/2024;mg/L;119
Phosphate;17/06/2024;mg/L;0.47
Conductivity_20C;20/06/2024;µS/cm;6100
Nitrate;20/06/2024;mg NO3/l;134
Phosphate;20/06/2024;mg/l PO4;0.49
Conductivity_20C;26/06/2024;µS/cm;6110
Nitrate;26/06/2024;mg NO3/l;125
Phosphate;26/06/2024;mg/l PO4;0
Conductivity_20C;04/07/2024;µS/cm;5730
Nitrate;04/07/2024;mg NO3/l;100
Phosphate;04/07/2024;mg/l PO4;0.52
Conductivity_20C;09/07/2024;µS/cm;6380
Nitrate;09/07/2024;mg/L;119
Phosphate;09/07/2024;mg/L;0.4
Conductivity_20C;15/07/2024;µS/cm;5930
Nitrate;15/07/2024;mg NO3/l;97
Phosphate;15/07/2024;mg/l PO4;0.64
Conductivity_20C;22/07/2024;µS/cm;5960
Nitrate;22/07/2024;mg NO3/l;94
Phosphate;22/07/2024;mg/l PO4;0.58
Conductivity_20C;29/07/2024;µS/cm;6650
Nitrate;29/07/2024;mg NO3/l;131
Phosphate;29/07/2024;mg/l PO4;0.52
Conductivity_20C;07/08/2024;µS/cm;6120
Nitrate;07/08/2024;mg/L;120
Phosphate;07/08/2024;mg/L;0.28
Nitrate;12/08/2024;mg NO3/l;156
Phosphate;12/08/2024;mg/l PO4;0
Conductivity_20C;19/08/2024;µS/cm;6150
Nitrate;19/08/2024;mg NO3/l;106
Phosphate;19/08/2024;mg/l PO4;0.61
Conductivity_20C;26/08/2024;µS/cm;5870
Nitrate;26/08/2024;mg NO3/l;90
Phosphate;26/08/2024;mg/l PO4;0.61
Conductivity_20C;04/09/2024;µS/cm;5070
Nitrate;04/09/2024;mg/L;110
Phosphate;04/09/2024;mg/L;0.32
Conductivity_20C;09/09/2024;µS/cm;6710
Nitrate;09/09/2024;mg NO3/l;110
Phosphate;09/09/2024;mg/l PO4;0
Conductivity_20C;16/09/2024;µS/cm;6440
Nitrate;16/09/2024;mg NO3/l;122
Phosphate;16/09/2024;mg/l PO4;0
Conductivity_20C;23/09/2024;µS/cm;6660
Nitrate;23/09/2024;mg NO3/l;118
Phosphate;23/09/2024;mg/l PO4;0.31
Conductivity_20C;03/10/2024;µS/cm;7300
Nitrate;03/10/2024;mg/L;165
Phosphate;03/10/2024;mg/L;0.34
Conductivity_20C;08/10/2024;µS/cm;7030
Nitrate;08/10/2024;mg NO3/l;143
Phosphate;08/10/2024;mg/l PO4;0.26
Conductivity_20C;14/10/2024;µS/cm;6810
Nitrate;14/10/2024;mg NO3/l;136
Phosphate;14/10/2024;mg/l PO4;0.24
Conductivity_20C;21/10/2024;µS/cm;5600
Nitrate;21/10/2024;mg NO3/l;94
Phosphate;21/10/2024;mg/l PO4;0.49
Conductivity_20C;28/10/2024;µS/cm;6390
Nitrate;28/10/2024;mg NO3/l;135
Phosphate;28/10/2024;mg/l PO4;0.25
Nitrate;29/10/2024;mg NO3/l;94
Phosphate;29/10/2024;mg/l PO4;0.55
Conductivity_20C;05/11/2024;µS/cm;4820
Nitrate;05/11/2024;mg/L;84
Phosphate;05/11/2024;mg/L;0
Conductivity_20C;11/11/2024;µS/cm;5090
Nitrate;11/11/2024;mg NO3/l;98
Phosphate;11/11/2024;mg/l PO4;0.74
Conductivity_20C;03/12/2024;µS/cm;6090
Nitrate;03/12/2024;mg/L;153
Phosphate;03/12/2024;mg/L;0.54
Conductivity_20C;11/12/2024;µS/cm;6830
Nitrate;11/12/2024;mg NO3/l;164
Phosphate;11/12/2024;mg/l PO4;0
Conductivity_20C;16/12/2024;µS/cm;6760
Nitrate;16/12/2024;mg NO3/l;167
Phosphate;16/12/2024;mg/l PO4;0
Conductivity_20C;23/12/2024;µS/cm;5970
Nitrate;23/12/2024;mg NO3/l;122
Phosphate;23/12/2024;mg/l PO4;0.46
Conductivity_20C;30/12/2024;µS/cm;6670
Nitrate;30/12/2024;mg NO3/l;154
Phosphate;30/12/2024;mg/l PO4;0
Nitrate;13/01/2025;mg NO3/l;152
Phosphate;13/01/2025;mg/l PO4;0
Conductivity_20C;20/01/2025;µS/cm;5950
Nitrate;20/01/2025;mg NO3/l;130
Phosphate;20/01/2025;mg/l PO4;0.61
Conductivity_20C;27/01/2025;µS/cm;5780
Nitrate;27/01/2025;mg NO3/l;119
Phosphate;27/01/2025;mg/l PO4;0.36
